backtest_id,replayed_at_utc,as_of_date,target_date,market_ticker,event_ticker,series,model,method,prob_model,outcome,brier,log_loss,mode
backtest_20260515_0001,2026-05-17T15:59:05Z,2026-05-15,2026-05-16,KXLOWTNYC-26MAY16-B49.5,KXLOWTNYC-26MAY16,KXLOWTNYC,climatology,climatology,0.2916666666666667,0,0.08506944444444446,0.34484048629172964,replay_climatology
backtest_20260515_0002,2026-05-17T15:59:05Z,2026-05-15,2026-05-16,KXLOWTNYC-26MAY16-B51.5,KXLOWTNYC-26MAY16,KXLOWTNYC,climatology,climatology,0.17500000000000002,0,0.030625000000000006,0.19237189264745613,replay_climatology
backtest_20260515_0003,2026-05-17T15:59:05Z,2026-05-15,2026-05-16,KXLOWTNYC-26MAY16-B53.5,KXLOWTNYC-26MAY16,KXLOWTNYC,climatology,climatology,0.24166666666666667,0,0.058402777777777776,0.276632236265196,replay_climatology
backtest_20260515_0004,2026-05-17T15:59:05Z,2026-05-15,2026-05-16,KXLOWTNYC-26MAY16-B55.5,KXLOWTNYC-26MAY16,KXLOWTNYC,climatology,climatology,0.2916666666666667,1,0.501736111111111,1.2321436812926323,replay_climatology
backtest_20260514_0001,2026-05-17T15:59:05Z,2026-05-14,2026-05-15,KXLOWTNYC-26MAY15-B47.5,KXLOWTNYC-26MAY15,KXLOWTNYC,climatology,climatology,0.09999999999999999,0,0.009999999999999998,0.10536051565782628,replay_climatology
backtest_20260514_0002,2026-05-17T15:59:05Z,2026-05-14,2026-05-15,KXLOWTNYC-26MAY15-B49.5,KXLOWTNYC-26MAY15,KXLOWTNYC,climatology,climatology,0.36666666666666664,1,0.4011111111111111,1.0033021088637848,replay_climatology
backtest_20260514_0003,2026-05-17T15:59:05Z,2026-05-14,2026-05-15,KXLOWTNYC-26MAY15-B51.5,KXLOWTNYC-26MAY15,KXLOWTNYC,climatology,climatology,0.23333333333333334,0,0.05444444444444445,0.2657031657330058,replay_climatology
backtest_20260514_0004,2026-05-17T15:59:05Z,2026-05-14,2026-05-15,KXLOWTNYC-26MAY15-B53.5,KXLOWTNYC-26MAY15,KXLOWTNYC,climatology,climatology,0.3,0,0.09,0.35667494393873245,replay_climatology
backtest_20260513_0001,2026-05-17T15:59:05Z,2026-05-13,2026-05-14,KXLOWTNYC-26MAY14-B50.5,KXLOWTNYC-26MAY14,KXLOWTNYC,climatology,climatology,0.21296296296296297,0,0.045353223593964334,0.2394799706339033,replay_climatology
backtest_20260513_0002,2026-05-17T15:59:05Z,2026-05-13,2026-05-14,KXLOWTNYC-26MAY14-B52.5,KXLOWTNYC-26MAY14,KXLOWTNYC,climatology,climatology,0.21296296296296297,1,0.6194272976680383,1.54663701119507,replay_climatology
backtest_20260513_0003,2026-05-17T15:59:05Z,2026-05-13,2026-05-14,KXLOWTNYC-26MAY14-B54.5,KXLOWTNYC-26MAY14,KXLOWTNYC,climatology,climatology,0.21296296296296297,0,0.045353223593964334,0.2394799706339033,replay_climatology
backtest_20260513_0004,2026-05-17T15:59:05Z,2026-05-13,2026-05-14,KXLOWTNYC-26MAY14-B56.5,KXLOWTNYC-26MAY14,KXLOWTNYC,climatology,climatology,0.3611111111111111,0,0.13040123456790123,0.4480247225269604,replay_climatology
backtest_20260512_0001,2026-05-17T15:59:05Z,2026-05-12,2026-05-13,KXLOWTNYC-26MAY13-B47.5,KXLOWTNYC-26MAY13,KXLOWTNYC,climatology,climatology,0.18478260869565216,0,0.0341446124763705,0.2043004635127298,replay_climatology
backtest_20260512_0002,2026-05-17T15:59:05Z,2026-05-12,2026-05-13,KXLOWTNYC-26MAY13-B49.5,KXLOWTNYC-26MAY13,KXLOWTNYC,climatology,climatology,0.33695652173913043,0,0.11353969754253308,0.41091471287572895,replay_climatology
backtest_20260512_0003,2026-05-17T15:59:05Z,2026-05-12,2026-05-13,KXLOWTNYC-26MAY13-B51.5,KXLOWTNYC-26MAY13,KXLOWTNYC,climatology,climatology,0.25,0,0.0625,0.2876820724517809,replay_climatology
backtest_20260512_0004,2026-05-17T15:59:05Z,2026-05-12,2026-05-13,KXLOWTNYC-26MAY13-B53.5,KXLOWTNYC-26MAY13,KXLOWTNYC,climatology,climatology,0.2282608695652174,1,0.5955812854442344,1.4772661393256172,replay_climatology
backtest_20260511_0001,2026-05-17T15:59:06Z,2026-05-11,2026-05-12,KXLOWTNYC-26MAY12-B42.5,KXLOWTNYC-26MAY12,KXLOWTNYC,climatology,climatology,0.14772727272727273,0,0.02182334710743802,0.15984870094189602,replay_climatology
backtest_20260511_0002,2026-05-17T15:59:06Z,2026-05-11,2026-05-12,KXLOWTNYC-26MAY12-B44.5,KXLOWTNYC-26MAY12,KXLOWTNYC,climatology,climatology,0.32954545454545453,0,0.10860020661157024,0.3997993705724871,replay_climatology
backtest_20260511_0003,2026-05-17T15:59:06Z,2026-05-11,2026-05-12,KXLOWTNYC-26MAY12-B46.5,KXLOWTNYC-26MAY12,KXLOWTNYC,climatology,climatology,0.23863636363636365,1,0.5796745867768595,1.4328143767547834,replay_climatology
backtest_20260511_0004,2026-05-17T15:59:06Z,2026-05-11,2026-05-12,KXLOWTNYC-26MAY12-B48.5,KXLOWTNYC-26MAY12,KXLOWTNYC,climatology,climatology,0.28409090909090906,0,0.08070764462809915,0.33420208808667373,replay_climatology
backtest_20260510_0001,2026-05-17T15:59:06Z,2026-05-10,2026-05-11,KXLOWTNYC-26MAY11-B46.5,KXLOWTNYC-26MAY11,KXLOWTNYC,climatology,climatology,0.2403846153846154,0,0.05778476331360947,0.2749430466743512,replay_climatology
backtest_20260510_0002,2026-05-17T15:59:06Z,2026-05-10,2026-05-11,KXLOWTNYC-26MAY11-B48.5,KXLOWTNYC-26MAY11,KXLOWTNYC,climatology,climatology,0.2403846153846154,0,0.05778476331360947,0.2749430466743512,replay_climatology
backtest_20260510_0003,2026-05-17T15:59:06Z,2026-05-10,2026-05-11,KXLOWTNYC-26MAY11-B50.5,KXLOWTNYC-26MAY11,KXLOWTNYC,climatology,climatology,0.2980769230769231,0,0.08884985207100592,0.3539314579929816,replay_climatology
backtest_20260510_0004,2026-05-17T15:59:06Z,2026-05-10,2026-05-11,KXLOWTNYC-26MAY11-B52.5,KXLOWTNYC-26MAY11,KXLOWTNYC,climatology,climatology,0.22115384615384617,1,0.6066013313609467,1.5088966832122228,replay_climatology
backtest_20260509_0001,2026-05-17T15:59:06Z,2026-05-09,2026-05-10,KXLOWTNYC-26MAY10-B50.5,KXLOWTNYC-26MAY10,KXLOWTNYC,climatology,climatology,0.3837209302325581,0,0.14724175229853972,0.48405538270138593,replay_climatology
backtest_20260509_0002,2026-05-17T15:59:06Z,2026-05-09,2026-05-10,KXLOWTNYC-26MAY10-B52.5,KXLOWTNYC-26MAY10,KXLOWTNYC,climatology,climatology,0.2441860465116279,1,0.571254732287723,1.4098248585300848,replay_climatology
backtest_20260509_0003,2026-05-17T15:59:06Z,2026-05-09,2026-05-10,KXLOWTNYC-26MAY10-B54.5,KXLOWTNYC-26MAY10,KXLOWTNYC,climatology,climatology,0.2209302325581395,0,0.048810167658193605,0.2496546768625416,replay_climatology
backtest_20260509_0004,2026-05-17T15:59:06Z,2026-05-09,2026-05-10,KXLOWTNYC-26MAY10-B56.5,KXLOWTNYC-26MAY10,KXLOWTNYC,climatology,climatology,0.1511627906976744,0,0.02285018929150892,0.16388785510511666,replay_climatology
backtest_20260508_0001,2026-05-17T15:59:06Z,2026-05-08,2026-05-09,KXLOWTNYC-26MAY09-B48.5,KXLOWTNYC-26MAY09,KXLOWTNYC,climatology,climatology,0.28703703703703703,0,0.08239026063100137,0.33832580527053574,replay_climatology
backtest_20260508_0002,2026-05-17T15:59:06Z,2026-05-08,2026-05-09,KXLOWTNYC-26MAY09-B50.5,KXLOWTNYC-26MAY09,KXLOWTNYC,climatology,climatology,0.2685185185185185,0,0.07210219478737996,0.31268337465719814,replay_climatology
backtest_20260508_0003,2026-05-17T15:59:06Z,2026-05-08,2026-05-09,KXLOWTNYC-26MAY09-B52.5,KXLOWTNYC-26MAY09,KXLOWTNYC,climatology,climatology,0.21296296296296297,1,0.6194272976680383,1.54663701119507,replay_climatology
backtest_20260508_0004,2026-05-17T15:59:06Z,2026-05-08,2026-05-09,KXLOWTNYC-26MAY09-B54.5,KXLOWTNYC-26MAY09,KXLOWTNYC,climatology,climatology,0.23148148148148148,0,0.05358367626886146,0.2632906193276218,replay_climatology
backtest_20260507_0001,2026-05-17T15:59:06Z,2026-05-07,2026-05-08,KXLOWTNYC-26MAY08-B44.5,KXLOWTNYC-26MAY08,KXLOWTNYC,climatology,climatology,0.1953125,0,0.03814697265625,0.2173012756899814,replay_climatology
backtest_20260507_0002,2026-05-17T15:59:06Z,2026-05-07,2026-05-08,KXLOWTNYC-26MAY08-B46.5,KXLOWTNYC-26MAY08,KXLOWTNYC,climatology,climatology,0.2890625,1,0.50543212890625,1.2411123512753928,replay_climatology
backtest_20260507_0003,2026-05-17T15:59:06Z,2026-05-07,2026-05-08,KXLOWTNYC-26MAY08-B48.5,KXLOWTNYC-26MAY08,KXLOWTNYC,climatology,climatology,0.2578125,0,0.06646728515625,0.29815337231907635,replay_climatology
backtest_20260507_0004,2026-05-17T15:59:06Z,2026-05-07,2026-05-08,KXLOWTNYC-26MAY08-B50.5,KXLOWTNYC-26MAY08,KXLOWTNYC,climatology,climatology,0.2578125,0,0.06646728515625,0.29815337231907635,replay_climatology
backtest_20260506_0001,2026-05-17T15:59:06Z,2026-05-06,2026-05-07,KXLOWTNYC-26MAY07-B47.5,KXLOWTNYC-26MAY07,KXLOWTNYC,climatology,climatology,0.3046875,0,0.09283447265625,0.3633938941874773,replay_climatology
backtest_20260506_0002,2026-05-17T15:59:06Z,2026-05-06,2026-05-07,KXLOWTNYC-26MAY07-B49.5,KXLOWTNYC-26MAY07,KXLOWTNYC,climatology,climatology,0.3046875,1,0.48345947265625,1.1884686177899708,replay_climatology
backtest_20260506_0003,2026-05-17T15:59:06Z,2026-05-06,2026-05-07,KXLOWTNYC-26MAY07-B51.5,KXLOWTNYC-26MAY07,KXLOWTNYC,climatology,climatology,0.2421875,0,0.05865478515625,0.27731928541623435,replay_climatology
backtest_20260506_0004,2026-05-17T15:59:06Z,2026-05-06,2026-05-07,KXLOWTNYC-26MAY07-B53.5,KXLOWTNYC-26MAY07,KXLOWTNYC,climatology,climatology,0.1484375,0,0.02203369140625,0.16068238169047347,replay_climatology
backtest_20260505_0001,2026-05-17T15:59:07Z,2026-05-05,2026-05-06,KXLOWTNYC-26MAY06-B56.5,KXLOWTNYC-26MAY06,KXLOWTNYC,climatology,climatology,0.2692307692307692,0,0.07248520710059171,0.3136575588550415,replay_climatology
backtest_20260505_0002,2026-05-17T15:59:07Z,2026-05-05,2026-05-06,KXLOWTNYC-26MAY06-B58.5,KXLOWTNYC-26MAY06,KXLOWTNYC,climatology,climatology,0.34615384615384615,0,0.11982248520710058,0.42488319396526597,replay_climatology
backtest_20260505_0003,2026-05-17T15:59:07Z,2026-05-05,2026-05-06,KXLOWTNYC-26MAY06-B60.5,KXLOWTNYC-26MAY06,KXLOWTNYC,climatology,climatology,0.2692307692307692,0,0.07248520710059171,0.3136575588550415,replay_climatology
backtest_20260505_0004,2026-05-17T15:59:07Z,2026-05-05,2026-05-06,KXLOWTNYC-26MAY06-B62.5,KXLOWTNYC-26MAY06,KXLOWTNYC,climatology,climatology,0.11538461538461539,0,0.013313609467455623,0.12260232209233239,replay_climatology
backtest_20260504_0001,2026-05-17T15:59:07Z,2026-05-04,2026-05-05,KXLOWTNYC-26MAY05-B52.5,KXLOWTNYC-26MAY05,KXLOWTNYC,climatology,climatology,0.4310344827586207,0,0.1857907253269917,0.5639354490799392,replay_climatology
backtest_20260504_0002,2026-05-17T15:59:07Z,2026-05-04,2026-05-05,KXLOWTNYC-26MAY05-B54.5,KXLOWTNYC-26MAY05,KXLOWTNYC,climatology,climatology,0.29310344827586204,0,0.08590963139120093,0.3468709438421116,replay_climatology
backtest_20260504_0003,2026-05-17T15:59:07Z,2026-05-04,2026-05-05,KXLOWTNYC-26MAY05-B56.5,KXLOWTNYC-26MAY05,KXLOWTNYC,climatology,climatology,0.1206896551724138,0,0.01456599286563615,0.1286173778220936,replay_climatology
backtest_20260504_0004,2026-05-17T15:59:07Z,2026-05-04,2026-05-05,KXLOWTNYC-26MAY05-B58.5,KXLOWTNYC-26MAY05,KXLOWTNYC,climatology,climatology,0.15517241379310345,1,0.7137336504161713,1.8632184332102,replay_climatology
backtest_20260503_0001,2026-05-17T15:59:07Z,2026-05-03,2026-05-04,KXLOWTNYC-26MAY04-B45.5,KXLOWTNYC-26MAY04,KXLOWTNYC,climatology,climatology,0.2391304347826087,0,0.057183364839319475,0.2732933349996813,replay_climatology
backtest_20260503_0002,2026-05-17T15:59:07Z,2026-05-03,2026-05-04,KXLOWTNYC-26MAY04-B47.5,KXLOWTNYC-26MAY04,KXLOWTNYC,climatology,climatology,0.2826086956521739,0,0.07986767485822305,0.3321338350226147,replay_climatology
backtest_20260503_0003,2026-05-17T15:59:07Z,2026-05-03,2026-05-04,KXLOWTNYC-26MAY04-B49.5,KXLOWTNYC-26MAY04,KXLOWTNYC,climatology,climatology,0.29710144927536236,1,0.49406637261079606,1.2136816184528967,replay_climatology
backtest_20260503_0004,2026-05-17T15:59:07Z,2026-05-03,2026-05-04,KXLOWTNYC-26MAY04-B51.5,KXLOWTNYC-26MAY04,KXLOWTNYC,climatology,climatology,0.18115942028985507,0,0.032818735559756354,0.19986586644486415,replay_climatology
backtest_20260502_0001,2026-05-17T15:59:07Z,2026-05-02,2026-05-03,KXLOWTNYC-26MAY03-B40.5,KXLOWTNYC-26MAY03,KXLOWTNYC,climatology,climatology,0.05813953488372093,0,0.0033802055164954027,0.05989814158106896,replay_climatology
backtest_20260502_0002,2026-05-17T15:59:07Z,2026-05-02,2026-05-03,KXLOWTNYC-26MAY03-B42.5,KXLOWTNYC-26MAY03,KXLOWTNYC,climatology,climatology,0.2906976744186046,0,0.08450513791238505,0.34347343208019643,replay_climatology
backtest_20260502_0003,2026-05-17T15:59:07Z,2026-05-02,2026-05-03,KXLOWTNYC-26MAY03-B44.5,KXLOWTNYC-26MAY03,KXLOWTNYC,climatology,climatology,0.2441860465116279,1,0.571254732287723,1.4098248585300848,replay_climatology
backtest_20260502_0004,2026-05-17T15:59:07Z,2026-05-02,2026-05-03,KXLOWTNYC-26MAY03-B46.5,KXLOWTNYC-26MAY03,KXLOWTNYC,climatology,climatology,0.40697674418604646,0,0.1656300703082747,0.5225216635291818,replay_climatology
backtest_20260501_0001,2026-05-17T15:59:07Z,2026-05-01,2026-05-02,KXLOWTNYC-26MAY02-B45.5,KXLOWTNYC-26MAY02,KXLOWTNYC,climatology,climatology,0.2265625,0,0.05133056640625,0.2569104137850272,replay_climatology
backtest_20260501_0002,2026-05-17T15:59:07Z,2026-05-01,2026-05-02,KXLOWTNYC-26MAY02-B47.5,KXLOWTNYC-26MAY02,KXLOWTNYC,climatology,climatology,0.2734375,0,0.07476806640625,0.3194307707663612,replay_climatology
backtest_20260501_0003,2026-05-17T15:59:07Z,2026-05-01,2026-05-02,KXLOWTNYC-26MAY02-B49.5,KXLOWTNYC-26MAY02,KXLOWTNYC,climatology,climatology,0.2734375,1,0.52789306640625,1.2966822024302034,replay_climatology
backtest_20260501_0004,2026-05-17T15:59:07Z,2026-05-01,2026-05-02,KXLOWTNYC-26MAY02-B51.5,KXLOWTNYC-26MAY02,KXLOWTNYC,climatology,climatology,0.2265625,0,0.05133056640625,0.2569104137850272,replay_climatology
backtest_20260430_0001,2026-05-17T15:59:07Z,2026-04-30,2026-05-01,KXLOWTNYC-26MAY01-B42.5,KXLOWTNYC-26MAY01,KXLOWTNYC,climatology,climatology,0.3,0,0.09,0.35667494393873245,replay_climatology
backtest_20260430_0002,2026-05-17T15:59:07Z,2026-04-30,2026-05-01,KXLOWTNYC-26MAY01-B44.5,KXLOWTNYC-26MAY01,KXLOWTNYC,climatology,climatology,0.15454545454545454,0,0.023884297520661155,0.1678808726391603,replay_climatology
backtest_20260430_0003,2026-05-17T15:59:07Z,2026-04-30,2026-05-01,KXLOWTNYC-26MAY01-B46.5,KXLOWTNYC-26MAY01,KXLOWTNYC,climatology,climatology,0.2818181818181818,1,0.5157851239669422,1.26649316130727,replay_climatology
backtest_20260430_0004,2026-05-17T15:59:07Z,2026-04-30,2026-05-01,KXLOWTNYC-26MAY01-B48.5,KXLOWTNYC-26MAY01,KXLOWTNYC,climatology,climatology,0.2636363636363636,0,0.06950413223140495,0.3060312111199775,replay_climatology
backtest_20260429_0001,2026-05-17T15:59:07Z,2026-04-29,2026-04-30,KXLOWTNYC-26APR30-B44.5,KXLOWTNYC-26APR30,KXLOWTNYC,climatology,climatology,0.14150943396226415,0,0.020024919900320397,0.15257958759521706,replay_climatology
backtest_20260429_0002,2026-05-17T15:59:07Z,2026-04-29,2026-04-30,KXLOWTNYC-26APR30-B46.5,KXLOWTNYC-26APR30,KXLOWTNYC,climatology,climatology,0.3490566037735849,1,0.4237273050907796,1.0525211814678428,replay_climatology
backtest_20260429_0003,2026-05-17T15:59:07Z,2026-04-29,2026-04-30,KXLOWTNYC-26APR30-B48.5,KXLOWTNYC-26APR30,KXLOWTNYC,climatology,climatology,0.25471698113207547,0,0.0648807404770381,0.2939912416450457,replay_climatology
backtest_20260429_0004,2026-05-17T15:59:07Z,2026-04-29,2026-04-30,KXLOWTNYC-26APR30-B50.5,KXLOWTNYC-26APR30,KXLOWTNYC,climatology,climatology,0.25471698113207547,0,0.0648807404770381,0.2939912416450457,replay_climatology
backtest_20260428_0001,2026-05-17T15:59:08Z,2026-04-28,2026-04-29,KXLOWTNYC-26APR29-B45.5,KXLOWTNYC-26APR29,KXLOWTNYC,climatology,climatology,0.27,0,0.0729,0.31471074483970024,replay_climatology
backtest_20260428_0002,2026-05-17T15:59:08Z,2026-04-28,2026-04-29,KXLOWTNYC-26APR29-B47.5,KXLOWTNYC-26APR29,KXLOWTNYC,climatology,climatology,0.35,1,0.42250000000000004,1.0498221244986778,replay_climatology
backtest_20260428_0003,2026-05-17T15:59:08Z,2026-04-28,2026-04-29,KXLOWTNYC-26APR29-B49.5,KXLOWTNYC-26APR29,KXLOWTNYC,climatology,climatology,0.16999999999999998,0,0.028899999999999995,0.18632957819149337,replay_climatology
backtest_20260428_0004,2026-05-17T15:59:08Z,2026-04-28,2026-04-29,KXLOWTNYC-26APR29-B51.5,KXLOWTNYC-26APR29,KXLOWTNYC,climatology,climatology,0.21000000000000002,0,0.04410000000000001,0.23572233352106983,replay_climatology
backtest_20260427_0001,2026-05-17T15:59:08Z,2026-04-27,2026-04-28,KXLOWTNYC-26APR28-B42.5,KXLOWTNYC-26APR28,KXLOWTNYC,climatology,climatology,0.33035714285714285,0,0.10913584183673469,0.40101075775878403,replay_climatology
backtest_20260427_0002,2026-05-17T15:59:08Z,2026-04-27,2026-04-28,KXLOWTNYC-26APR28-B44.5,KXLOWTNYC-26APR28,KXLOWTNYC,climatology,climatology,0.16964285714285712,0,0.02877869897959183,0.18589937814183854,replay_climatology
backtest_20260427_0003,2026-05-17T15:59:08Z,2026-04-27,2026-04-28,KXLOWTNYC-26APR28-B46.5,KXLOWTNYC-26APR28,KXLOWTNYC,climatology,climatology,0.3125,0,0.09765625,0.3746934494414107,replay_climatology
backtest_20260427_0004,2026-05-17T15:59:08Z,2026-04-27,2026-04-28,KXLOWTNYC-26APR28-B48.5,KXLOWTNYC-26APR28,KXLOWTNYC,climatology,climatology,0.1875,1,0.66015625,1.6739764335716716,replay_climatology
backtest_20260426_0001,2026-05-17T15:59:08Z,2026-04-26,2026-04-27,KXLOWTNYC-26APR27-B40.5,KXLOWTNYC-26APR27,KXLOWTNYC,climatology,climatology,0.21296296296296297,0,0.045353223593964334,0.2394799706339033,replay_climatology
backtest_20260426_0002,2026-05-17T15:59:08Z,2026-04-26,2026-04-27,KXLOWTNYC-26APR27-B42.5,KXLOWTNYC-26APR27,KXLOWTNYC,climatology,climatology,0.34259259259259256,0,0.1173696844993141,0.41945135008290424,replay_climatology
backtest_20260426_0003,2026-05-17T15:59:08Z,2026-04-26,2026-04-27,KXLOWTNYC-26APR27-B44.5,KXLOWTNYC-26APR27,KXLOWTNYC,climatology,climatology,0.1574074074074074,1,0.7099622770919066,1.8489178830680035,replay_climatology
backtest_20260426_0004,2026-05-17T15:59:08Z,2026-04-26,2026-04-27,KXLOWTNYC-26APR27-B46.5,KXLOWTNYC-26APR27,KXLOWTNYC,climatology,climatology,0.28703703703703703,0,0.08239026063100137,0.33832580527053574,replay_climatology
backtest_20260425_0001,2026-05-17T15:59:08Z,2026-04-25,2026-04-26,KXLOWTNYC-26APR26-B37.5,KXLOWTNYC-26APR26,KXLOWTNYC,climatology,climatology,0.21111111111111108,0,0.044567901234567886,0.23712979328894954,replay_climatology
backtest_20260425_0002,2026-05-17T15:59:08Z,2026-04-25,2026-04-26,KXLOWTNYC-26APR26-B39.5,KXLOWTNYC-26APR26,KXLOWTNYC,climatology,climatology,0.16666666666666666,0,0.027777777777777776,0.1823215567939546,replay_climatology
backtest_20260425_0003,2026-05-17T15:59:08Z,2026-04-25,2026-04-26,KXLOWTNYC-26APR26-B41.5,KXLOWTNYC-26APR26,KXLOWTNYC,climatology,climatology,0.36666666666666664,1,0.4011111111111111,1.0033021088637848,replay_climatology
backtest_20260425_0004,2026-05-17T15:59:08Z,2026-04-25,2026-04-26,KXLOWTNYC-26APR26-B43.5,KXLOWTNYC-26APR26,KXLOWTNYC,climatology,climatology,0.25555555555555554,0,0.06530864197530863,0.29511705093929896,replay_climatology
backtest_20260424_0001,2026-05-17T15:59:08Z,2026-04-24,2026-04-25,KXLOWTNYC-26APR25-B38.5,KXLOWTNYC-26APR25,KXLOWTNYC,climatology,climatology,0.14705882352941177,0,0.021626297577854673,0.1590646946296874,replay_climatology
backtest_20260424_0002,2026-05-17T15:59:08Z,2026-04-24,2026-04-25,KXLOWTNYC-26APR25-B40.5,KXLOWTNYC-26APR25,KXLOWTNYC,climatology,climatology,0.2647058823529412,1,0.5406574394463669,1.329135947279942,replay_climatology
backtest_20260424_0003,2026-05-17T15:59:08Z,2026-04-24,2026-04-25,KXLOWTNYC-26APR25-B42.5,KXLOWTNYC-26APR25,KXLOWTNYC,climatology,climatology,0.3627450980392157,0,0.1315840061514802,0.45058554338863405,replay_climatology
backtest_20260424_0004,2026-05-17T15:59:08Z,2026-04-24,2026-04-25,KXLOWTNYC-26APR25-B44.5,KXLOWTNYC-26APR25,KXLOWTNYC,climatology,climatology,0.22549019607843138,0,0.05084582852748943,0.25552496081724957,replay_climatology
backtest_20260423_0001,2026-05-17T15:59:08Z,2026-04-23,2026-04-24,KXLOWTNYC-26APR24-B48.5,KXLOWTNYC-26APR24,KXLOWTNYC,climatology,climatology,0.296875,0,0.088134765625,0.3522205935893521,replay_climatology
backtest_20260423_0002,2026-05-17T15:59:08Z,2026-04-23,2026-04-24,KXLOWTNYC-26APR24-B50.5,KXLOWTNYC-26APR24,KXLOWTNYC,climatology,climatology,0.296875,1,0.494384765625,1.2144441041932315,replay_climatology
backtest_20260423_0003,2026-05-17T15:59:08Z,2026-04-23,2026-04-24,KXLOWTNYC-26APR24-B52.5,KXLOWTNYC-26APR24,KXLOWTNYC,climatology,climatology,0.17187500000000003,0,0.02954101562500001,0.18859116980755003,replay_climatology
backtest_20260423_0004,2026-05-17T15:59:08Z,2026-04-23,2026-04-24,KXLOWTNYC-26APR24-B54.5,KXLOWTNYC-26APR24,KXLOWTNYC,climatology,climatology,0.234375,0,0.054931640625,0.26706278524904525,replay_climatology
backtest_20260422_0001,2026-05-17T15:59:08Z,2026-04-22,2026-04-23,KXLOWTNYC-26APR23-B42.5,KXLOWTNYC-26APR23,KXLOWTNYC,climatology,climatology,0.28723404255319146,0,0.0825033952014486,0.3386021628790377,replay_climatology
backtest_20260422_0002,2026-05-17T15:59:08Z,2026-04-22,2026-04-23,KXLOWTNYC-26APR23-B44.5,KXLOWTNYC-26APR23,KXLOWTNYC,climatology,climatology,0.26595744680851063,1,0.5388184698958804,1.3244189574018033,replay_climatology
backtest_20260422_0003,2026-05-17T15:59:08Z,2026-04-22,2026-04-23,KXLOWTNYC-26APR23-B46.5,KXLOWTNYC-26APR23,KXLOWTNYC,climatology,climatology,0.24468085106382978,0,0.05986871887732005,0.2806149052286884,replay_climatology
backtest_20260422_0004,2026-05-17T15:59:08Z,2026-04-22,2026-04-23,KXLOWTNYC-26APR23-B48.5,KXLOWTNYC-26APR23,KXLOWTNYC,climatology,climatology,0.20212765957446807,0,0.040855590765052054,0.22580666873369348,replay_climatology
backtest_20260421_0001,2026-05-17T15:59:09Z,2026-04-21,2026-04-22,KXLOWTNYC-26APR22-B41.5,KXLOWTNYC-26APR22,KXLOWTNYC,climatology,climatology,0.21000000000000002,0,0.04410000000000001,0.23572233352106983,replay_climatology
backtest_20260421_0002,2026-05-17T15:59:09Z,2026-04-21,2026-04-22,KXLOWTNYC-26APR22-B43.5,KXLOWTNYC-26APR22,KXLOWTNYC,climatology,climatology,0.32999999999999996,1,0.4489000000000001,1.1086626245216114,replay_climatology
backtest_20260421_0003,2026-05-17T15:59:09Z,2026-04-21,2026-04-22,KXLOWTNYC-26APR22-B45.5,KXLOWTNYC-26APR22,KXLOWTNYC,climatology,climatology,0.23,0,0.0529,0.2613647641344075,replay_climatology
backtest_20260421_0004,2026-05-17T15:59:09Z,2026-04-21,2026-04-22,KXLOWTNYC-26APR22-B47.5,KXLOWTNYC-26APR22,KXLOWTNYC,climatology,climatology,0.23,0,0.0529,0.2613647641344075,replay_climatology
backtest_20260420_0001,2026-05-17T15:59:09Z,2026-04-20,2026-04-21,KXLOWTNYC-26APR21-B28.5,KXLOWTNYC-26APR21,KXLOWTNYC,climatology,climatology,0.04545454545454545,0,0.0020661157024793385,0.04652001563489282,replay_climatology
backtest_20260420_0002,2026-05-17T15:59:09Z,2026-04-20,2026-04-21,KXLOWTNYC-26APR21-B30.5,KXLOWTNYC-26APR21,KXLOWTNYC,climatology,climatology,0.04545454545454545,0,0.0020661157024793385,0.04652001563489282,replay_climatology
backtest_20260420_0003,2026-05-17T15:59:09Z,2026-04-20,2026-04-21,KXLOWTNYC-26APR21-B32.5,KXLOWTNYC-26APR21,KXLOWTNYC,climatology,climatology,0.3181818181818182,0,0.1012396694214876,0.3829922522561057,replay_climatology
backtest_20260420_0004,2026-05-17T15:59:09Z,2026-04-20,2026-04-21,KXLOWTNYC-26APR21-B34.5,KXLOWTNYC-26APR21,KXLOWTNYC,climatology,climatology,0.5909090909090909,1,0.16735537190082642,0.5260930958967791,replay_climatology
backtest_20260419_0001,2026-05-17T15:59:09Z,2026-04-19,2026-04-20,KXLOWTNYC-26APR20-B37.5,KXLOWTNYC-26APR20,KXLOWTNYC,climatology,climatology,0.22340425531914895,0,0.04990946129470349,0.2528353411216128,replay_climatology
backtest_20260419_0002,2026-05-17T15:59:09Z,2026-04-19,2026-04-20,KXLOWTNYC-26APR20-B39.5,KXLOWTNYC-26APR20,KXLOWTNYC,climatology,climatology,0.26595744680851063,1,0.5388184698958804,1.3244189574018033,replay_climatology
backtest_20260419_0003,2026-05-17T15:59:09Z,2026-04-19,2026-04-20,KXLOWTNYC-26APR20-B41.5,KXLOWTNYC-26APR20,KXLOWTNYC,climatology,climatology,0.22340425531914895,0,0.04990946129470349,0.2528353411216128,replay_climatology
backtest_20260419_0004,2026-05-17T15:59:09Z,2026-04-19,2026-04-20,KXLOWTNYC-26APR20-B43.5,KXLOWTNYC-26APR20,KXLOWTNYC,climatology,climatology,0.28723404255319146,0,0.0825033952014486,0.3386021628790377,replay_climatology
backtest_20260418_0001,2026-05-17T15:59:09Z,2026-04-18,2026-04-19,KXLOWTNYC-26APR19-B43.5,KXLOWTNYC-26APR19,KXLOWTNYC,climatology,climatology,0.2738095238095238,0,0.07497165532879817,0.31994293467000223,replay_climatology
backtest_20260418_0002,2026-05-17T15:59:09Z,2026-04-18,2026-04-19,KXLOWTNYC-26APR19-B45.5,KXLOWTNYC-26APR19,KXLOWTNYC,climatology,climatology,0.2976190476190476,0,0.08857709750566893,0.3532793549375942,replay_climatology
backtest_20260418_0003,2026-05-17T15:59:09Z,2026-04-18,2026-04-19,KXLOWTNYC-26APR19-B47.5,KXLOWTNYC-26APR19,KXLOWTNYC,climatology,climatology,0.22619047619047616,0,0.051162131519274366,0.25642952894767645,replay_climatology
backtest_20260418_0004,2026-05-17T15:59:09Z,2026-04-18,2026-04-19,KXLOWTNYC-26APR19-B49.5,KXLOWTNYC-26APR19,KXLOWTNYC,climatology,climatology,0.20238095238095236,0,0.04095804988662131,0.2261241794523475,replay_climatology
backtest_20260417_0001,2026-05-17T15:59:09Z,2026-04-17,2026-04-18,KXLOWTNYC-26APR18-B47.5,KXLOWTNYC-26APR18,KXLOWTNYC,climatology,climatology,0.3125,0,0.09765625,0.3746934494414107,replay_climatology
backtest_20260417_0002,2026-05-17T15:59:09Z,2026-04-17,2026-04-18,KXLOWTNYC-26APR18-B49.5,KXLOWTNYC-26APR18,KXLOWTNYC,climatology,climatology,0.3125,1,0.47265625,1.1631508098056809,replay_climatology
backtest_20260417_0003,2026-05-17T15:59:09Z,2026-04-17,2026-04-18,KXLOWTNYC-26APR18-B51.5,KXLOWTNYC-26APR18,KXLOWTNYC,climatology,climatology,0.18749999999999997,0,0.035156249999999986,0.2076393647782445,replay_climatology
backtest_20260417_0004,2026-05-17T15:59:09Z,2026-04-17,2026-04-18,KXLOWTNYC-26APR18-B53.5,KXLOWTNYC-26APR18,KXLOWTNYC,climatology,climatology,0.18749999999999997,0,0.035156249999999986,0.2076393647782445,replay_climatology
backtest_20260416_0001,2026-05-17T15:59:09Z,2026-04-16,2026-04-17,KXLOWTNYC-26APR17-B61.5,KXLOWTNYC-26APR17,KXLOWTNYC,climatology,climatology,0.16666666666666666,0,0.027777777777777776,0.1823215567939546,replay_climatology
backtest_20260416_0002,2026-05-17T15:59:09Z,2026-04-16,2026-04-17,KXLOWTNYC-26APR17-B63.5,KXLOWTNYC-26APR17,KXLOWTNYC,climatology,climatology,0.5,0,0.25,0.6931471805599453,replay_climatology
backtest_20260416_0003,2026-05-17T15:59:09Z,2026-04-16,2026-04-17,KXLOWTNYC-26APR17-B65.5,KXLOWTNYC-26APR17,KXLOWTNYC,climatology,climatology,0.16666666666666666,0,0.027777777777777776,0.1823215567939546,replay_climatology
backtest_20260416_0004,2026-05-17T15:59:09Z,2026-04-16,2026-04-17,KXLOWTNYC-26APR17-B67.5,KXLOWTNYC-26APR17,KXLOWTNYC,climatology,climatology,0.16666666666666666,0,0.027777777777777776,0.1823215567939546,replay_climatology
backtest_20260415_0001,2026-05-17T15:59:10Z,2026-04-15,2026-04-16,KXLOWTNYC-26APR16-B62.5,KXLOWTNYC-26APR16,KXLOWTNYC,climatology,climatology,0.5,0,0.25,0.6931471805599453,replay_climatology
backtest_20260415_0002,2026-05-17T15:59:10Z,2026-04-15,2026-04-16,KXLOWTNYC-26APR16-B64.5,KXLOWTNYC-26APR16,KXLOWTNYC,climatology,climatology,0.16666666666666666,0,0.027777777777777776,0.1823215567939546,replay_climatology
backtest_20260415_0003,2026-05-17T15:59:10Z,2026-04-15,2026-04-16,KXLOWTNYC-26APR16-B66.5,KXLOWTNYC-26APR16,KXLOWTNYC,climatology,climatology,0.16666666666666666,0,0.027777777777777776,0.1823215567939546,replay_climatology
backtest_20260415_0004,2026-05-17T15:59:10Z,2026-04-15,2026-04-16,KXLOWTNYC-26APR16-B68.5,KXLOWTNYC-26APR16,KXLOWTNYC,climatology,climatology,0.16666666666666666,0,0.027777777777777776,0.1823215567939546,replay_climatology
backtest_20260414_0001,2026-05-17T15:59:10Z,2026-04-14,2026-04-15,KXLOWTNYC-26APR15-B61.5,KXLOWTNYC-26APR15,KXLOWTNYC,climatology,climatology,0.16666666666666666,0,0.027777777777777776,0.1823215567939546,replay_climatology
backtest_20260414_0002,2026-05-17T15:59:10Z,2026-04-14,2026-04-15,KXLOWTNYC-26APR15-B63.5,KXLOWTNYC-26APR15,KXLOWTNYC,climatology,climatology,0.5,0,0.25,0.6931471805599453,replay_climatology
backtest_20260414_0003,2026-05-17T15:59:10Z,2026-04-14,2026-04-15,KXLOWTNYC-26APR15-B65.5,KXLOWTNYC-26APR15,KXLOWTNYC,climatology,climatology,0.16666666666666666,0,0.027777777777777776,0.1823215567939546,replay_climatology
backtest_20260414_0004,2026-05-17T15:59:10Z,2026-04-14,2026-04-15,KXLOWTNYC-26APR15-B67.5,KXLOWTNYC-26APR15,KXLOWTNYC,climatology,climatology,0.16666666666666666,1,0.6944444444444445,1.791759469228055,replay_climatology
backtest_20260413_0001,2026-05-17T15:59:10Z,2026-04-13,2026-04-14,KXLOWTNYC-26APR14-B57.5,KXLOWTNYC-26APR14,KXLOWTNYC,climatology,climatology,0.6428571428571428,0,0.4132653061224489,1.0296194171811581,replay_climatology
backtest_20260413_0002,2026-05-17T15:59:10Z,2026-04-13,2026-04-14,KXLOWTNYC-26APR14-B59.5,KXLOWTNYC-26APR14,KXLOWTNYC,climatology,climatology,0.2142857142857143,0,0.045918367346938785,0.2411620568168881,replay_climatology
backtest_20260413_0003,2026-05-17T15:59:10Z,2026-04-13,2026-04-14,KXLOWTNYC-26APR14-B61.5,KXLOWTNYC-26APR14,KXLOWTNYC,climatology,climatology,0.07142857142857142,0,0.00510204081632653,0.07410797215372185,replay_climatology
backtest_20260413_0004,2026-05-17T15:59:10Z,2026-04-13,2026-04-14,KXLOWTNYC-26APR14-B63.5,KXLOWTNYC-26APR14,KXLOWTNYC,climatology,climatology,0.07142857142857142,1,0.8622448979591837,2.639057329615259,replay_climatology
backtest_20260412_0001,2026-05-17T15:59:10Z,2026-04-12,2026-04-13,KXLOWTNYC-26APR13-B45.5,KXLOWTNYC-26APR13,KXLOWTNYC,climatology,climatology,0.42592592592592593,0,0.18141289437585734,0.5549968420791281,replay_climatology
backtest_20260412_0002,2026-05-17T15:59:10Z,2026-04-12,2026-04-13,KXLOWTNYC-26APR13-B47.5,KXLOWTNYC-26APR13,KXLOWTNYC,climatology,climatology,0.3518518518518518,0,0.12379972565157747,0.43363598507486073,replay_climatology
backtest_20260412_0003,2026-05-17T15:59:10Z,2026-04-12,2026-04-13,KXLOWTNYC-26APR13-B49.5,KXLOWTNYC-26APR13,KXLOWTNYC,climatology,climatology,0.0925925925925926,1,0.8233882030178327,2.379546134130174,replay_climatology
backtest_20260412_0004,2026-05-17T15:59:10Z,2026-04-12,2026-04-13,KXLOWTNYC-26APR13-B51.5,KXLOWTNYC-26APR13,KXLOWTNYC,climatology,climatology,0.12962962962962962,0,0.01680384087791495,0.1388364448542158,replay_climatology
backtest_20260411_0001,2026-05-17T15:59:10Z,2026-04-11,2026-04-12,KXLOWTNYC-26APR12-B37.5,KXLOWTNYC-26APR12,KXLOWTNYC,climatology,climatology,0.08823529411764705,0,0.00778546712802768,0.09237332013101517,replay_climatology
backtest_20260411_0002,2026-05-17T15:59:10Z,2026-04-11,2026-04-12,KXLOWTNYC-26APR12-B39.5,KXLOWTNYC-26APR12,KXLOWTNYC,climatology,climatology,0.2647058823529412,0,0.07006920415224914,0.30748469974796055,replay_climatology
backtest_20260411_0003,2026-05-17T15:59:10Z,2026-04-11,2026-04-12,KXLOWTNYC-26APR12-B41.5,KXLOWTNYC-26APR12,KXLOWTNYC,climatology,climatology,0.3431372549019608,0,0.11774317570165321,0.420280193893305,replay_climatology
backtest_20260411_0004,2026-05-17T15:59:10Z,2026-04-11,2026-04-12,KXLOWTNYC-26APR12-B43.5,KXLOWTNYC-26APR12,KXLOWTNYC,climatology,climatology,0.30392156862745096,1,0.4845251826220684,1.1909856087991249,replay_climatology
backtest_20260410_0001,2026-05-17T15:59:10Z,2026-04-10,2026-04-11,KXLOWTNYC-26APR11-B46.5,KXLOWTNYC-26APR11,KXLOWTNYC,climatology,climatology,0.5192307692307693,0,0.2696005917159764,0.7323678937132267,replay_climatology
backtest_20260410_0002,2026-05-17T15:59:10Z,2026-04-10,2026-04-11,KXLOWTNYC-26APR11-B48.5,KXLOWTNYC-26APR11,KXLOWTNYC,climatology,climatology,0.21153846153846154,1,0.6216715976331361,1.5533484457830569,replay_climatology
backtest_20260410_0003,2026-05-17T15:59:10Z,2026-04-10,2026-04-11,KXLOWTNYC-26APR11-B50.5,KXLOWTNYC-26APR11,KXLOWTNYC,climatology,climatology,0.09615384615384616,0,0.009245562130177515,0.10109611687136875,replay_climatology
backtest_20260410_0004,2026-05-17T15:59:10Z,2026-04-10,2026-04-11,KXLOWTNYC-26APR11-B52.5,KXLOWTNYC-26APR11,KXLOWTNYC,climatology,climatology,0.17307692307692307,0,0.029955621301775145,0.19004360288786498,replay_climatology
backtest_20260409_0001,2026-05-17T15:59:10Z,2026-04-09,2026-04-10,KXLOWTNYC-26APR10-B36.5,KXLOWTNYC-26APR10,KXLOWTNYC,climatology,climatology,0.24509803921568626,0,0.06007304882737408,0.2811673914305873,replay_climatology
backtest_20260409_0002,2026-05-17T15:59:10Z,2026-04-09,2026-04-10,KXLOWTNYC-26APR10-B38.5,KXLOWTNYC-26APR10,KXLOWTNYC,climatology,climatology,0.24509803921568626,0,0.06007304882737408,0.2811673914305873,replay_climatology
backtest_20260409_0003,2026-05-17T15:59:10Z,2026-04-09,2026-04-10,KXLOWTNYC-26APR10-B40.5,KXLOWTNYC-26APR10,KXLOWTNYC,climatology,climatology,0.28431372549019607,1,0.5122068435217224,1.2576769832977972,replay_climatology
backtest_20260409_0004,2026-05-17T15:59:10Z,2026-04-09,2026-04-10,KXLOWTNYC-26APR10-B42.5,KXLOWTNYC-26APR10,KXLOWTNYC,climatology,climatology,0.22549019607843138,0,0.05084582852748943,0.25552496081724957,replay_climatology
backtest_20260408_0001,2026-05-17T15:59:11Z,2026-04-08,2026-04-09,KXLOWTNYC-26APR09-B30.5,KXLOWTNYC-26APR09,KXLOWTNYC,climatology,climatology,0.140625,0,0.019775390625,0.15154989812720093,replay_climatology
backtest_20260408_0002,2026-05-17T15:59:11Z,2026-04-08,2026-04-09,KXLOWTNYC-26APR09-B32.5,KXLOWTNYC-26APR09,KXLOWTNYC,climatology,climatology,0.046875,0,0.002197265625,0.048009219186360606,replay_climatology
backtest_20260408_0003,2026-05-17T15:59:11Z,2026-04-08,2026-04-09,KXLOWTNYC-26APR09-B34.5,KXLOWTNYC-26APR09,KXLOWTNYC,climatology,climatology,0.421875,1,0.334228515625,0.8630462173553428,replay_climatology
backtest_20260408_0004,2026-05-17T15:59:11Z,2026-04-08,2026-04-09,KXLOWTNYC-26APR09-B36.5,KXLOWTNYC-26APR09,KXLOWTNYC,climatology,climatology,0.390625,0,0.152587890625,0.4953214372300254,replay_climatology
backtest_20260407_0001,2026-05-17T15:59:11Z,2026-04-07,2026-04-08,KXLOWTNYC-26APR08-B27.5,KXLOWTNYC-26APR08,KXLOWTNYC,climatology,climatology,0.1842105263157895,0,0.033933518005540175,0.20359895524123955,replay_climatology
backtest_20260407_0002,2026-05-17T15:59:11Z,2026-04-07,2026-04-08,KXLOWTNYC-26APR08-B29.5,KXLOWTNYC-26APR08,KXLOWTNYC,climatology,climatology,0.1842105263157895,1,0.6655124653739611,1.6916760106710724,replay_climatology
backtest_20260407_0003,2026-05-17T15:59:11Z,2026-04-07,2026-04-08,KXLOWTNYC-26APR08-B31.5,KXLOWTNYC-26APR08,KXLOWTNYC,climatology,climatology,0.13157894736842107,0,0.017313019390581722,0.14107859825990549,replay_climatology
backtest_20260407_0004,2026-05-17T15:59:11Z,2026-04-07,2026-04-08,KXLOWTNYC-26APR08-B33.5,KXLOWTNYC-26APR08,KXLOWTNYC,climatology,climatology,0.5,0,0.25,0.6931471805599453,replay_climatology
backtest_20260406_0001,2026-05-17T15:59:11Z,2026-04-06,2026-04-07,KXLOWTNYC-26APR07-B32.5,KXLOWTNYC-26APR07,KXLOWTNYC,climatology,climatology,0.05555555555555556,1,0.8919753086419753,2.8903717578961645,replay_climatology
backtest_20260406_0002,2026-05-17T15:59:11Z,2026-04-06,2026-04-07,KXLOWTNYC-26APR07-B34.5,KXLOWTNYC-26APR07,KXLOWTNYC,climatology,climatology,0.3222222222222222,0,0.10382716049382713,0.3889358061569538,replay_climatology
backtest_20260406_0003,2026-05-17T15:59:11Z,2026-04-06,2026-04-07,KXLOWTNYC-26APR07-B36.5,KXLOWTNYC-26APR07,KXLOWTNYC,climatology,climatology,0.3,0,0.09,0.35667494393873245,replay_climatology
backtest_20260406_0004,2026-05-17T15:59:11Z,2026-04-06,2026-04-07,KXLOWTNYC-26APR07-B38.5,KXLOWTNYC-26APR07,KXLOWTNYC,climatology,climatology,0.3222222222222222,0,0.10382716049382713,0.3889358061569538,replay_climatology
backtest_20260405_0001,2026-05-17T15:59:11Z,2026-04-05,2026-04-06,KXLOWTNYC-26APR06-B36.5,KXLOWTNYC-26APR06,KXLOWTNYC,climatology,climatology,0.25,0,0.0625,0.2876820724517809,replay_climatology
backtest_20260405_0002,2026-05-17T15:59:11Z,2026-04-05,2026-04-06,KXLOWTNYC-26APR06-B38.5,KXLOWTNYC-26APR06,KXLOWTNYC,climatology,climatology,0.2672413793103448,0,0.07141795481569559,0.3109389346160481,replay_climatology
backtest_20260405_0003,2026-05-17T15:59:11Z,2026-04-05,2026-04-06,KXLOWTNYC-26APR06-B40.5,KXLOWTNYC-26APR06,KXLOWTNYC,climatology,climatology,0.2672413793103448,1,0.5369351961950061,1.3196029866212184,replay_climatology
backtest_20260405_0004,2026-05-17T15:59:11Z,2026-04-05,2026-04-06,KXLOWTNYC-26APR06-B42.5,KXLOWTNYC-26APR06,KXLOWTNYC,climatology,climatology,0.21551724137931036,0,0.046447681331747925,0.24273068458951466,replay_climatology
backtest_20260404_0001,2026-05-17T15:59:11Z,2026-04-04,2026-04-05,KXLOWTNYC-26APR05-B42.5,KXLOWTNYC-26APR05,KXLOWTNYC,climatology,climatology,0.3620689655172414,1,0.40695600475624266,1.0159205728229963,replay_climatology
backtest_20260404_0002,2026-05-17T15:59:11Z,2026-04-04,2026-04-05,KXLOWTNYC-26APR05-B44.5,KXLOWTNYC-26APR05,KXLOWTNYC,climatology,climatology,0.4310344827586207,0,0.1857907253269917,0.5639354490799392,replay_climatology
backtest_20260404_0003,2026-05-17T15:59:11Z,2026-04-04,2026-04-05,KXLOWTNYC-26APR05-B46.5,KXLOWTNYC-26APR05,KXLOWTNYC,climatology,climatology,0.15517241379310345,0,0.024078478002378122,0.1686227124357927,replay_climatology
backtest_20260404_0004,2026-05-17T15:59:11Z,2026-04-04,2026-04-05,KXLOWTNYC-26APR05-B48.5,KXLOWTNYC-26APR05,KXLOWTNYC,climatology,climatology,0.05172413793103448,0,0.00267538644470868,0.05310982531394841,replay_climatology
backtest_20260403_0001,2026-05-17T15:59:11Z,2026-04-03,2026-04-04,KXLOWTNYC-26APR04-B46.5,KXLOWTNYC-26APR04,KXLOWTNYC,climatology,climatology,0.31250000000000006,0,0.09765625000000003,0.3746934494414107,replay_climatology
backtest_20260403_0002,2026-05-17T15:59:11Z,2026-04-03,2026-04-04,KXLOWTNYC-26APR04-B48.5,KXLOWTNYC-26APR04,KXLOWTNYC,climatology,climatology,0.0625,0,0.00390625,0.06453852113757118,replay_climatology
backtest_20260403_0003,2026-05-17T15:59:11Z,2026-04-03,2026-04-04,KXLOWTNYC-26APR04-B50.5,KXLOWTNYC-26APR04,KXLOWTNYC,climatology,climatology,0.4375,0,0.19140625,0.5753641449035618,replay_climatology
backtest_20260403_0004,2026-05-17T15:59:11Z,2026-04-03,2026-04-04,KXLOWTNYC-26APR04-B52.5,KXLOWTNYC-26APR04,KXLOWTNYC,climatology,climatology,0.1875,0,0.03515625,0.2076393647782445,replay_climatology
backtest_20260402_0001,2026-05-17T15:59:12Z,2026-04-02,2026-04-03,KXLOWTNYC-26APR03-B36.5,KXLOWTNYC-26APR03,KXLOWTNYC,climatology,climatology,0.2636363636363636,0,0.06950413223140495,0.3060312111199775,replay_climatology
backtest_20260402_0002,2026-05-17T15:59:12Z,2026-04-02,2026-04-03,KXLOWTNYC-26APR03-B38.5,KXLOWTNYC-26APR03,KXLOWTNYC,climatology,climatology,0.24545454545454545,0,0.06024793388429752,0.28163975799581836,replay_climatology
backtest_20260402_0003,2026-05-17T15:59:12Z,2026-04-02,2026-04-03,KXLOWTNYC-26APR03-B40.5,KXLOWTNYC-26APR03,KXLOWTNYC,climatology,climatology,0.2818181818181818,1,0.5157851239669422,1.26649316130727,replay_climatology
backtest_20260402_0004,2026-05-17T15:59:12Z,2026-04-02,2026-04-03,KXLOWTNYC-26APR03-B42.5,KXLOWTNYC-26APR03,KXLOWTNYC,climatology,climatology,0.2090909090909091,0,0.043719008264462816,0.23457224713783253,replay_climatology
backtest_20260401_0001,2026-05-17T15:59:12Z,2026-04-01,2026-04-02,KXLOWTNYC-26APR02-B37.5,KXLOWTNYC-26APR02,KXLOWTNYC,climatology,climatology,0.29245283018867924,0,0.08552865788536845,0.3459509805757568,replay_climatology
backtest_20260401_0002,2026-05-17T15:59:12Z,2026-04-01,2026-04-02,KXLOWTNYC-26APR02-B39.5,KXLOWTNYC-26APR02,KXLOWTNYC,climatology,climatology,0.27358490566037735,0,0.07484870060519758,0.31963367225838335,replay_climatology
backtest_20260401_0003,2026-05-17T15:59:12Z,2026-04-01,2026-04-02,KXLOWTNYC-26APR02-B41.5,KXLOWTNYC-26APR02,KXLOWTNYC,climatology,climatology,0.2358490566037736,1,0.5839266642933427,1.4445632692438664,replay_climatology
backtest_20260401_0004,2026-05-17T15:59:12Z,2026-04-01,2026-04-02,KXLOWTNYC-26APR02-B43.5,KXLOWTNYC-26APR02,KXLOWTNYC,climatology,climatology,0.19811320754716982,0,0.039248843004627984,0.22078783762175078,replay_climatology
backtest_20260331_0001,2026-05-17T15:59:12Z,2026-03-31,2026-04-01,KXLOWTNYC-26APR01-B52.5,KXLOWTNYC-26APR01,KXLOWTNYC,climatology,climatology,0.125,0,0.015625,0.13353139262452263,replay_climatology
backtest_20260331_0002,2026-05-17T15:59:12Z,2026-03-31,2026-04-01,KXLOWTNYC-26APR01-B54.5,KXLOWTNYC-26APR01,KXLOWTNYC,climatology,climatology,0.125,0,0.015625,0.13353139262452263,replay_climatology
backtest_20260331_0003,2026-05-17T15:59:12Z,2026-03-31,2026-04-01,KXLOWTNYC-26APR01-B56.5,KXLOWTNYC-26APR01,KXLOWTNYC,climatology,climatology,0.375,0,0.140625,0.4700036292457356,replay_climatology
backtest_20260331_0004,2026-05-17T15:59:12Z,2026-03-31,2026-04-01,KXLOWTNYC-26APR01-B58.5,KXLOWTNYC-26APR01,KXLOWTNYC,climatology,climatology,0.375,0,0.140625,0.4700036292457356,replay_climatology
backtest_20260330_0001,2026-05-17T15:59:12Z,2026-03-30,2026-03-31,KXLOWTNYC-26MAR31-B51.5,KXLOWTNYC-26MAR31,KXLOWTNYC,climatology,climatology,0.375,0,0.140625,0.4700036292457356,replay_climatology
backtest_20260330_0002,2026-05-17T15:59:12Z,2026-03-30,2026-03-31,KXLOWTNYC-26MAR31-B53.5,KXLOWTNYC-26MAR31,KXLOWTNYC,climatology,climatology,0.125,0,0.015625,0.13353139262452263,replay_climatology
backtest_20260330_0003,2026-05-17T15:59:12Z,2026-03-30,2026-03-31,KXLOWTNYC-26MAR31-B55.5,KXLOWTNYC-26MAR31,KXLOWTNYC,climatology,climatology,0.125,0,0.015625,0.13353139262452263,replay_climatology
backtest_20260330_0004,2026-05-17T15:59:12Z,2026-03-30,2026-03-31,KXLOWTNYC-26MAR31-B57.5,KXLOWTNYC-26MAR31,KXLOWTNYC,climatology,climatology,0.375,0,0.140625,0.4700036292457356,replay_climatology
backtest_20260329_0001,2026-05-17T15:59:12Z,2026-03-29,2026-03-30,KXLOWTNYC-26MAR30-B41.5,KXLOWTNYC-26MAR30,KXLOWTNYC,climatology,climatology,0.4310344827586207,0,0.1857907253269917,0.5639354490799392,replay_climatology
backtest_20260329_0002,2026-05-17T15:59:12Z,2026-03-29,2026-03-30,KXLOWTNYC-26MAR30-B43.5,KXLOWTNYC-26MAR30,KXLOWTNYC,climatology,climatology,0.3620689655172414,0,0.13109393579072534,0.4495250979021948,replay_climatology
backtest_20260329_0003,2026-05-17T15:59:12Z,2026-03-29,2026-03-30,KXLOWTNYC-26MAR30-B45.5,KXLOWTNYC-26MAR30,KXLOWTNYC,climatology,climatology,0.1206896551724138,0,0.01456599286563615,0.1286173778220936,replay_climatology
backtest_20260329_0004,2026-05-17T15:59:12Z,2026-03-29,2026-03-30,KXLOWTNYC-26MAR30-B47.5,KXLOWTNYC-26MAR30,KXLOWTNYC,climatology,climatology,0.08620689655172414,1,0.8350178359096313,2.451005098112319,replay_climatology
backtest_20260328_0001,2026-05-17T15:59:12Z,2026-03-28,2026-03-29,KXLOWTNYC-26MAR29-B27.5,KXLOWTNYC-26MAR29,KXLOWTNYC,climatology,climatology,0.15277777777777776,0,0.023341049382716045,0.16579225484274407,replay_climatology
backtest_20260328_0002,2026-05-17T15:59:12Z,2026-03-28,2026-03-29,KXLOWTNYC-26MAR29-B29.5,KXLOWTNYC-26MAR29,KXLOWTNYC,climatology,climatology,0.18055555555555552,0,0.0326003086419753,0.19912867511033588,replay_climatology
backtest_20260328_0003,2026-05-17T15:59:12Z,2026-03-28,2026-03-29,KXLOWTNYC-26MAR29-B31.5,KXLOWTNYC-26MAR29,KXLOWTNYC,climatology,climatology,0.29166666666666663,0,0.08506944444444442,0.3448404862917295,replay_climatology
backtest_20260328_0004,2026-05-17T15:59:12Z,2026-03-28,2026-03-29,KXLOWTNYC-26MAR29-B33.5,KXLOWTNYC-26MAR29,KXLOWTNYC,climatology,climatology,0.37499999999999994,1,0.390625,0.9808292530117264,replay_climatology
backtest_20260327_0001,2026-05-17T15:59:13Z,2026-03-27,2026-03-28,KXLOWTNYC-26MAR28-B26.5,KXLOWTNYC-26MAR28,KXLOWTNYC,climatology,climatology,0.20270270270270271,0,0.04108838568298028,0.22652764929845035,replay_climatology
backtest_20260327_0002,2026-05-17T15:59:13Z,2026-03-27,2026-03-28,KXLOWTNYC-26MAR28-B28.5,KXLOWTNYC-26MAR28,KXLOWTNYC,climatology,climatology,0.25675675675675674,0,0.06592403214024835,0.2967319079716989,replay_climatology
backtest_20260327_0003,2026-05-17T15:59:13Z,2026-03-27,2026-03-28,KXLOWTNYC-26MAR28-B30.5,KXLOWTNYC-26MAR28,KXLOWTNYC,climatology,climatology,0.20270270270270271,1,0.6356829802775749,1.5960148921019597,replay_climatology
backtest_20260327_0004,2026-05-17T15:59:13Z,2026-03-27,2026-03-28,KXLOWTNYC-26MAR28-B32.5,KXLOWTNYC-26MAR28,KXLOWTNYC,climatology,climatology,0.3378378378378379,0,0.11413440467494525,0.4122447950935433,replay_climatology
backtest_20260326_0001,2026-05-17T15:59:13Z,2026-03-26,2026-03-27,KXLOWTNYC-26MAR27-B37.5,KXLOWTNYC-26MAR27,KXLOWTNYC,climatology,climatology,0.23333333333333334,0,0.05444444444444445,0.2657031657330058,replay_climatology
backtest_20260326_0002,2026-05-17T15:59:13Z,2026-03-26,2026-03-27,KXLOWTNYC-26MAR27-B39.5,KXLOWTNYC-26MAR27,KXLOWTNYC,climatology,climatology,0.18888888888888888,0,0.03567901234567901,0.20935022918187393,replay_climatology
backtest_20260326_0003,2026-05-17T15:59:13Z,2026-03-26,2026-03-27,KXLOWTNYC-26MAR27-B41.5,KXLOWTNYC-26MAR27,KXLOWTNYC,climatology,climatology,0.36666666666666664,1,0.4011111111111111,1.0033021088637848,replay_climatology
backtest_20260326_0004,2026-05-17T15:59:13Z,2026-03-26,2026-03-27,KXLOWTNYC-26MAR27-B43.5,KXLOWTNYC-26MAR27,KXLOWTNYC,climatology,climatology,0.21111111111111108,0,0.044567901234567886,0.23712979328894954,replay_climatology
backtest_20260325_0001,2026-05-17T15:59:13Z,2026-03-25,2026-03-26,KXLOWTNYC-26MAR26-B40.5,KXLOWTNYC-26MAR26,KXLOWTNYC,climatology,climatology,0.3484848484848485,0,0.12144168962350782,0.42845462633286313,replay_climatology
backtest_20260325_0002,2026-05-17T15:59:13Z,2026-03-25,2026-03-26,KXLOWTNYC-26MAR26-B42.5,KXLOWTNYC-26MAR26,KXLOWTNYC,climatology,climatology,0.3484848484848485,0,0.12144168962350782,0.42845462633286313,replay_climatology
backtest_20260325_0003,2026-05-17T15:59:13Z,2026-03-25,2026-03-26,KXLOWTNYC-26MAR26-B44.5,KXLOWTNYC-26MAR26,KXLOWTNYC,climatology,climatology,0.196969696969697,1,0.6448576675849402,1.6247053845648887,replay_climatology
backtest_20260325_0004,2026-05-17T15:59:13Z,2026-03-25,2026-03-26,KXLOWTNYC-26MAR26-B46.5,KXLOWTNYC-26MAR26,KXLOWTNYC,climatology,climatology,0.10606060606060606,0,0.011248852157943069,0.11211729812070612,replay_climatology
backtest_20260324_0001,2026-05-17T15:59:13Z,2026-03-24,2026-03-25,KXLOWTNYC-26MAR25-B33.5,KXLOWTNYC-26MAR25,KXLOWTNYC,climatology,climatology,0.3194444444444445,0,0.10204475308641978,0.3848458209054287,replay_climatology
backtest_20260324_0002,2026-05-17T15:59:13Z,2026-03-24,2026-03-25,KXLOWTNYC-26MAR25-B35.5,KXLOWTNYC-26MAR25,KXLOWTNYC,climatology,climatology,0.18055555555555558,0,0.032600308641975315,0.19912867511033588,replay_climatology
backtest_20260324_0003,2026-05-17T15:59:13Z,2026-03-24,2026-03-25,KXLOWTNYC-26MAR25-B37.5,KXLOWTNYC-26MAR25,KXLOWTNYC,climatology,climatology,0.2361111111111111,1,0.5835262345679012,1.4434527749598391,replay_climatology
backtest_20260324_0004,2026-05-17T15:59:13Z,2026-03-24,2026-03-25,KXLOWTNYC-26MAR25-B39.5,KXLOWTNYC-26MAR25,KXLOWTNYC,climatology,climatology,0.2638888888888889,0,0.06963734567901235,0.3063742054639334,replay_climatology
backtest_20260323_0001,2026-05-17T15:59:13Z,2026-03-23,2026-03-24,KXLOWTNYC-26MAR24-B27.5,KXLOWTNYC-26MAR24,KXLOWTNYC,climatology,climatology,0.26595744680851063,0,0.07073336351290176,0.3091882776727445,replay_climatology
backtest_20260323_0002,2026-05-17T15:59:13Z,2026-03-23,2026-03-24,KXLOWTNYC-26MAR24-B29.5,KXLOWTNYC-26MAR24,KXLOWTNYC,climatology,climatology,0.18085106382978722,0,0.03270710728836577,0.19948936041632004,replay_climatology
backtest_20260323_0003,2026-05-17T15:59:13Z,2026-03-23,2026-03-24,KXLOWTNYC-26MAR24-B31.5,KXLOWTNYC-26MAR24,KXLOWTNYC,climatology,climatology,0.32978723404255317,1,0.4491851516523314,1.1093075777848578,replay_climatology
backtest_20260323_0004,2026-05-17T15:59:13Z,2026-03-23,2026-03-24,KXLOWTNYC-26MAR24-B33.5,KXLOWTNYC-26MAR24,KXLOWTNYC,climatology,climatology,0.22340425531914895,0,0.04990946129470349,0.2528353411216128,replay_climatology
backtest_20260322_0001,2026-05-17T15:59:13Z,2026-03-22,2026-03-23,KXLOWTNYC-26MAR23-B33.5,KXLOWTNYC-26MAR23,KXLOWTNYC,climatology,climatology,0.27419354838709675,1,0.5267950052029137,1.2939210409888755,replay_climatology
backtest_20260322_0002,2026-05-17T15:59:13Z,2026-03-22,2026-03-23,KXLOWTNYC-26MAR23-B35.5,KXLOWTNYC-26MAR23,KXLOWTNYC,climatology,climatology,0.1774193548387097,0,0.03147762747138398,0.19530875232076586,replay_climatology
backtest_20260322_0003,2026-05-17T15:59:13Z,2026-03-22,2026-03-23,KXLOWTNYC-26MAR23-B37.5,KXLOWTNYC-26MAR23,KXLOWTNYC,climatology,climatology,0.24193548387096775,0,0.0585327783558793,0.27698678333503296,replay_climatology
backtest_20260322_0004,2026-05-17T15:59:13Z,2026-03-22,2026-03-23,KXLOWTNYC-26MAR23-B39.5,KXLOWTNYC-26MAR23,KXLOWTNYC,climatology,climatology,0.3064516129032258,0,0.09391259105098855,0.36593426935152906,replay_climatology
backtest_20260321_0001,2026-05-17T15:59:14Z,2026-03-21,2026-03-22,KXLOWTNYC-26MAR22-B40.5,KXLOWTNYC-26MAR22,KXLOWTNYC,climatology,climatology,0.3518518518518518,0,0.12379972565157747,0.43363598507486073,replay_climatology
backtest_20260321_0002,2026-05-17T15:59:14Z,2026-03-21,2026-03-22,KXLOWTNYC-26MAR22-B42.5,KXLOWTNYC-26MAR22,KXLOWTNYC,climatology,climatology,0.3518518518518518,0,0.12379972565157747,0.43363598507486073,replay_climatology
backtest_20260321_0003,2026-05-17T15:59:14Z,2026-03-21,2026-03-22,KXLOWTNYC-26MAR22-B44.5,KXLOWTNYC-26MAR22,KXLOWTNYC,climatology,climatology,0.16666666666666666,1,0.6944444444444445,1.791759469228055,replay_climatology
backtest_20260321_0004,2026-05-17T15:59:14Z,2026-03-21,2026-03-22,KXLOWTNYC-26MAR22-B46.5,KXLOWTNYC-26MAR22,KXLOWTNYC,climatology,climatology,0.12962962962962962,0,0.01680384087791495,0.1388364448542158,replay_climatology
backtest_20260320_0001,2026-05-17T15:59:14Z,2026-03-20,2026-03-21,KXLOWTNYC-26MAR21-B41.5,KXLOWTNYC-26MAR21,KXLOWTNYC,climatology,climatology,0.37499999999999994,0,0.14062499999999994,0.4700036292457356,replay_climatology
backtest_20260320_0002,2026-05-17T15:59:14Z,2026-03-20,2026-03-21,KXLOWTNYC-26MAR21-B43.5,KXLOWTNYC-26MAR21,KXLOWTNYC,climatology,climatology,0.27499999999999997,0,0.07562499999999998,0.32158362412746216,replay_climatology
backtest_20260320_0003,2026-05-17T15:59:14Z,2026-03-20,2026-03-21,KXLOWTNYC-26MAR21-B45.5,KXLOWTNYC-26MAR21,KXLOWTNYC,climatology,climatology,0.22499999999999998,1,0.6006250000000001,1.491654876777717,replay_climatology
backtest_20260320_0004,2026-05-17T15:59:14Z,2026-03-20,2026-03-21,KXLOWTNYC-26MAR21-B47.5,KXLOWTNYC-26MAR21,KXLOWTNYC,climatology,climatology,0.125,0,0.015625,0.13353139262452263,replay_climatology
backtest_20260319_0001,2026-05-17T15:59:14Z,2026-03-19,2026-03-20,KXLOWTNYC-26MAR20-B32.5,KXLOWTNYC-26MAR20,KXLOWTNYC,climatology,climatology,0.3378378378378379,0,0.11413440467494525,0.4122447950935433,replay_climatology
backtest_20260319_0002,2026-05-17T15:59:14Z,2026-03-19,2026-03-20,KXLOWTNYC-26MAR20-B34.5,KXLOWTNYC-26MAR20,KXLOWTNYC,climatology,climatology,0.22972972972972974,0,0.052775748721694674,0.2610138253696196,replay_climatology
backtest_20260319_0003,2026-05-17T15:59:14Z,2026-03-19,2026-03-20,KXLOWTNYC-26MAR20-B36.5,KXLOWTNYC-26MAR20,KXLOWTNYC,climatology,climatology,0.20270270270270271,0,0.04108838568298028,0.22652764929845035,replay_climatology
backtest_20260319_0004,2026-05-17T15:59:14Z,2026-03-19,2026-03-20,KXLOWTNYC-26MAR20-B38.5,KXLOWTNYC-26MAR20,KXLOWTNYC,climatology,climatology,0.22972972972972974,1,0.5933162892622352,1.4708517491479536,replay_climatology
backtest_20260318_0001,2026-05-17T15:59:14Z,2026-03-18,2026-03-19,KXLOWTNYC-26MAR19-B25.5,KXLOWTNYC-26MAR19,KXLOWTNYC,climatology,climatology,0.19318181818181818,0,0.037319214876033055,0.214656937436891,replay_climatology
backtest_20260318_0002,2026-05-17T15:59:14Z,2026-03-18,2026-03-19,KXLOWTNYC-26MAR19-B27.5,KXLOWTNYC-26MAR19,KXLOWTNYC,climatology,climatology,0.3068181818181818,0,0.09413739669421488,0.3664629503048953,replay_climatology
backtest_20260318_0003,2026-05-17T15:59:14Z,2026-03-18,2026-03-19,KXLOWTNYC-26MAR19-B29.5,KXLOWTNYC-26MAR19,KXLOWTNYC,climatology,climatology,0.26136363636363635,0,0.06831095041322313,0.30294954458256934,replay_climatology
backtest_20260318_0004,2026-05-17T15:59:14Z,2026-03-18,2026-03-19,KXLOWTNYC-26MAR19-B31.5,KXLOWTNYC-26MAR19,KXLOWTNYC,climatology,climatology,0.23863636363636365,1,0.5796745867768595,1.4328143767547834,replay_climatology
backtest_20260317_0001,2026-05-17T15:59:14Z,2026-03-17,2026-03-18,KXLOWTNYC-26MAR18-B20.5,KXLOWTNYC-26MAR18,KXLOWTNYC,climatology,climatology,0.08823529411764706,0,0.007785467128027683,0.09237332013101517,replay_climatology
backtest_20260317_0002,2026-05-17T15:59:14Z,2026-03-17,2026-03-18,KXLOWTNYC-26MAR18-B22.5,KXLOWTNYC-26MAR18,KXLOWTNYC,climatology,climatology,0.2058823529411765,0,0.04238754325259516,0.23052365861183238,replay_climatology
backtest_20260317_0003,2026-05-17T15:59:14Z,2026-03-17,2026-03-18,KXLOWTNYC-26MAR18-B24.5,KXLOWTNYC-26MAR18,KXLOWTNYC,climatology,climatology,0.3235294117647059,1,0.4576124567474049,1.128465251817791,replay_climatology
backtest_20260317_0004,2026-05-17T15:59:14Z,2026-03-17,2026-03-18,KXLOWTNYC-26MAR18-B26.5,KXLOWTNYC-26MAR18,KXLOWTNYC,climatology,climatology,0.3823529411764706,0,0.1461937716262976,0.4818380868927383,replay_climatology
backtest_20260316_0001,2026-05-17T15:59:14Z,2026-03-16,2026-03-17,KXLOWTNYC-26MAR17-B28.5,KXLOWTNYC-26MAR17,KXLOWTNYC,climatology,climatology,0.40789473684210525,1,0.35058864265927975,0.8967461358011849,replay_climatology
backtest_20260316_0002,2026-05-17T15:59:14Z,2026-03-16,2026-03-17,KXLOWTNYC-26MAR17-B30.5,KXLOWTNYC-26MAR17,KXLOWTNYC,climatology,climatology,0.25,0,0.0625,0.2876820724517809,replay_climatology
backtest_20260316_0003,2026-05-17T15:59:14Z,2026-03-16,2026-03-17,KXLOWTNYC-26MAR17-B32.5,KXLOWTNYC-26MAR17,KXLOWTNYC,climatology,climatology,0.11842105263157895,0,0.014023545706371193,0.12604072089536505,replay_climatology
backtest_20260316_0004,2026-05-17T15:59:14Z,2026-03-16,2026-03-17,KXLOWTNYC-26MAR17-B34.5,KXLOWTNYC-26MAR17,KXLOWTNYC,climatology,climatology,0.2236842105263158,0,0.050034626038781164,0.2531958963806117,replay_climatology
backtest_20260315_0001,2026-05-17T15:59:15Z,2026-03-15,2026-03-16,KXLOWTNYC-26MAR16-B40.5,KXLOWTNYC-26MAR16,KXLOWTNYC,climatology,climatology,0.33928571428571425,0,0.11511479591836732,0.41443377809092463,replay_climatology
backtest_20260315_0002,2026-05-17T15:59:15Z,2026-03-15,2026-03-16,KXLOWTNYC-26MAR16-B42.5,KXLOWTNYC-26MAR16,KXLOWTNYC,climatology,climatology,0.23214285714285715,0,0.05389030612244898,0.2641515750415869,replay_climatology
backtest_20260315_0003,2026-05-17T15:59:15Z,2026-03-15,2026-03-16,KXLOWTNYC-26MAR16-B44.5,KXLOWTNYC-26MAR16,KXLOWTNYC,climatology,climatology,0.33928571428571425,0,0.11511479591836732,0.41443377809092463,replay_climatology
backtest_20260315_0004,2026-05-17T15:59:15Z,2026-03-15,2026-03-16,KXLOWTNYC-26MAR16-B46.5,KXLOWTNYC-26MAR16,KXLOWTNYC,climatology,climatology,0.08928571428571429,0,0.007971938775510204,0.09352605801082348,replay_climatology
backtest_20260314_0001,2026-05-17T15:59:15Z,2026-03-14,2026-03-15,KXLOWTNYC-26MAR15-B28.5,KXLOWTNYC-26MAR15,KXLOWTNYC,climatology,climatology,0.3285714285714286,0,0.10795918367346942,0.3983476403393005,replay_climatology
backtest_20260314_0002,2026-05-17T15:59:15Z,2026-03-14,2026-03-15,KXLOWTNYC-26MAR15-B30.5,KXLOWTNYC-26MAR15,KXLOWTNYC,climatology,climatology,0.2714285714285714,0,0.0736734693877551,0.31666960932503313,replay_climatology
backtest_20260314_0003,2026-05-17T15:59:15Z,2026-03-14,2026-03-15,KXLOWTNYC-26MAR15-B32.5,KXLOWTNYC-26MAR15,KXLOWTNYC,climatology,climatology,0.12857142857142856,0,0.016530612244897956,0.13762137787604772,replay_climatology
backtest_20260314_0004,2026-05-17T15:59:15Z,2026-03-14,2026-03-15,KXLOWTNYC-26MAR15-B34.5,KXLOWTNYC-26MAR15,KXLOWTNYC,climatology,climatology,0.2714285714285714,1,0.5308163265306124,1.3040562628829186,replay_climatology
backtest_20260313_0001,2026-05-17T15:59:15Z,2026-03-13,2026-03-14,KXLOWTNYC-26MAR14-B36.5,KXLOWTNYC-26MAR14,KXLOWTNYC,climatology,climatology,0.2625,0,0.06890625,0.3044891907681621,replay_climatology
backtest_20260313_0002,2026-05-17T15:59:15Z,2026-03-13,2026-03-14,KXLOWTNYC-26MAR14-B38.5,KXLOWTNYC-26MAR14,KXLOWTNYC,climatology,climatology,0.33749999999999997,1,0.4389062500000001,1.0861897686695527,replay_climatology
backtest_20260313_0003,2026-05-17T15:59:15Z,2026-03-13,2026-03-14,KXLOWTNYC-26MAR14-B40.5,KXLOWTNYC-26MAR14,KXLOWTNYC,climatology,climatology,0.23749999999999996,0,0.056406249999999984,0.2711527705005703,replay_climatology
backtest_20260313_0004,2026-05-17T15:59:15Z,2026-03-13,2026-03-14,KXLOWTNYC-26MAR14-B42.5,KXLOWTNYC-26MAR14,KXLOWTNYC,climatology,climatology,0.16249999999999998,0,0.026406249999999992,0.17733401528291554,replay_climatology
backtest_20260312_0001,2026-05-17T15:59:15Z,2026-03-12,2026-03-13,KXLOWTNYC-26MAR13-B27.5,KXLOWTNYC-26MAR13,KXLOWTNYC,climatology,climatology,0.2142857142857143,0,0.045918367346938785,0.2411620568168881,replay_climatology
backtest_20260312_0002,2026-05-17T15:59:15Z,2026-03-12,2026-03-13,KXLOWTNYC-26MAR13-B29.5,KXLOWTNYC-26MAR13,KXLOWTNYC,climatology,climatology,0.38571428571428573,0,0.14877551020408164,0.4872951263557965,replay_climatology
backtest_20260312_0003,2026-05-17T15:59:15Z,2026-03-12,2026-03-13,KXLOWTNYC-26MAR13-B31.5,KXLOWTNYC-26MAR13,KXLOWTNYC,climatology,climatology,0.24285714285714285,1,0.573265306122449,1.415281897993143,replay_climatology
backtest_20260312_0004,2026-05-17T15:59:15Z,2026-03-12,2026-03-13,KXLOWTNYC-26MAR13-B33.5,KXLOWTNYC-26MAR13,KXLOWTNYC,climatology,climatology,0.15714285714285717,0,0.024693877551020416,0.17095779814363954,replay_climatology
backtest_20260311_0001,2026-05-17T15:59:15Z,2026-03-11,2026-03-12,KXLOWTNYC-26MAR12-B33.5,KXLOWTNYC-26MAR12,KXLOWTNYC,climatology,climatology,0.16666666666666666,1,0.6944444444444445,1.791759469228055,replay_climatology
backtest_20260311_0002,2026-05-17T15:59:15Z,2026-03-11,2026-03-12,KXLOWTNYC-26MAR12-B35.5,KXLOWTNYC-26MAR12,KXLOWTNYC,climatology,climatology,0.3,0,0.09,0.35667494393873245,replay_climatology
backtest_20260311_0003,2026-05-17T15:59:15Z,2026-03-11,2026-03-12,KXLOWTNYC-26MAR12-B37.5,KXLOWTNYC-26MAR12,KXLOWTNYC,climatology,climatology,0.23333333333333334,0,0.05444444444444445,0.2657031657330058,replay_climatology
backtest_20260311_0004,2026-05-17T15:59:15Z,2026-03-11,2026-03-12,KXLOWTNYC-26MAR12-B39.5,KXLOWTNYC-26MAR12,KXLOWTNYC,climatology,climatology,0.3,0,0.09,0.35667494393873245,replay_climatology
backtest_20260310_0001,2026-05-17T15:59:16Z,2026-03-10,2026-03-11,KXLOWTNYC-26MAR11-B46.5,KXLOWTNYC-26MAR11,KXLOWTNYC,climatology,climatology,0.38888888888888884,0,0.15123456790123452,0.49247648509779407,replay_climatology
backtest_20260310_0002,2026-05-17T15:59:16Z,2026-03-10,2026-03-11,KXLOWTNYC-26MAR11-B48.5,KXLOWTNYC-26MAR11,KXLOWTNYC,climatology,climatology,0.2777777777777778,0,0.0771604938271605,0.325422400434628,replay_climatology
backtest_20260310_0003,2026-05-17T15:59:16Z,2026-03-10,2026-03-11,KXLOWTNYC-26MAR11-B50.5,KXLOWTNYC-26MAR11,KXLOWTNYC,climatology,climatology,0.16666666666666666,0,0.027777777777777776,0.1823215567939546,replay_climatology
backtest_20260310_0004,2026-05-17T15:59:16Z,2026-03-10,2026-03-11,KXLOWTNYC-26MAR11-B52.5,KXLOWTNYC-26MAR11,KXLOWTNYC,climatology,climatology,0.16666666666666666,1,0.6944444444444445,1.791759469228055,replay_climatology
